fname,lname,phone,email,Password
Jennifer,Jackson,356-4780-91,Jennifer.Jackson@company.com,yto@dbP\pEGXJw9l
Brenda,Anderson,467-9326-03,Brenda.Anderson@company.com,-7LQ@z39IR%?|1sZ
Isaiah,Rose,071-7022-71,Isaiah.Rose@company.com,guA<6aT!nN/eh3qZ
Brittany,Jordan,241-3146-67,Brittany.Jordan@company.com,mM/}F<I?hLZP9H|J
Shirley,Obrien,463-1168-32,Shirley.Obrien@company.com,*vCQO@45t3IH{%y(
Tanner,Cook,339-5017-41,Tanner.Cook@company.com,@kcuU|shnYxV\905
Richard,Martinez,101-8919-84,Richard.Martinez@company.com,A\|Nqgfhl!%@r_d6
Scott,Russell,409-0132-99,Scott.Russell@company.com,v=~(ta^8ZKFlOz!q
Chris,Schultz,962-1157-16,Chris.Schultz@company.com,ut6)xQoqYvzgpOfm
Thomas,Beard,323-1318-05,Thomas.Beard@company.com,Tk=CJVFYpK7yc9[A
Caitlyn,Howard,630-4882-53,Caitlyn.Howard@company.com,s=OL[hJj04$^Cn|W
Emily,Montgomery,543-9553-46,Emily.Montgomery@company.com,Bo<YKp8gDarc[z0O
Jesse,Perkins,582-0267-16,Jesse.Perkins@company.com,HUp2s]h$Q~8w0+fc
Angela,Parsons,298-2685-48,Angela.Parsons@company.com,@1oia9*RUZAsDlqI
Joseph,Blankenship,970-7316-60,Joseph.Blankenship@company.com,IWjls7k3pZ(F)VNy
April,Rangel,294-0706-10,April.Rangel@company.com,RDw=~Tb2tHI>\0Aq
Elizabeth,Raymond,709-1721-99,Elizabeth.Raymond@company.com,0&mQ2CuNpzH!$<_R
Samuel,Maldonado,556-5819-00,Samuel.Maldonado@company.com,JunVY)jg!B]DLHE4
Lindsey,Page,548-5442-12,Lindsey.Page@company.com,_g2Gc@9Qox{C<kKN
Daniel,Cross,709-8677-25,Daniel.Cross@company.com,C~[9>ySY1L/b%2$H
David,Golden,766-4982-74,David.Golden@company.com,0cYLsy]f@[|6/&u3
Diane,Cline,300-0412-69,Diane.Cline@company.com,OVA%LG92>UZra-)W
Mandy,Turner,767-6240-72,Mandy.Turner@company.com,?)Il6k>BqDSiU51C
Joseph,Cannon,936-9227-99,Joseph.Cannon@company.com,@3+?s4bvAjSHGz0<
Jill,White,420-8935-72,Jill.White@company.com,]qz1+L3Y0Am[EjOS
Julie,Pope,021-1884-79,Julie.Pope@company.com,SgBc(m[OhaysZ*3v
Kara,Cruz,123-8981-96,Kara.Cruz@company.com,q/d}sQzJM|$0N7u)
Julie,Thompson,117-4543-55,Julie.Thompson@company.com,4yrX7n<N=)w8dI95
Angel,Guzman,125-0029-09,Angel.Guzman@company.com,>[^U(geCHzA}4xnN
Christopher,Merritt,249-7128-96,Christopher.Merritt@company.com,CTR(?~r$WlXHFA4J
Nathan,Weber,504-4790-46,Nathan.Weber@company.com,T6bXs^W17/gr_V>k
Robert,Mason,247-7794-50,Robert.Mason@company.com,gr-?Sd0hZEOH^<mK
Brenda,Jenkins,946-5467-12,Brenda.Jenkins@company.com,O>YCzI}jUe0]K23F
Samantha,Dixon,672-4832-04,Samantha.Dixon@company.com,iJzdT>3%}|Kxh2Zo
John,Norman,666-9035-94,John.Norman@company.com,09Xo731$^PJfpLU*
Jennifer,Holmes,392-9246-13,Jennifer.Holmes@company.com,nS*qN5rFeibY1E7_
Tiffany,Rivera,188-0482-02,Tiffany.Rivera@company.com,3?I-aj<cu>A*|_KW
Edward,Gonzalez,157-1662-48,Edward.Gonzalez@company.com,~Gm)KL\Q_yOq-AZR
Joshua,Austin,708-2918-48,Joshua.Austin@company.com,-znT>L7[*_$Y2\ih
John,Wells,802-5410-19,John.Wells@company.com,=cz@JXT%Y-u52gry
Amy,Vang,765-0454-67,Amy.Vang@company.com,{[&U1~<S6Y@et/J7
Kelly,Harper,226-2934-45,Kelly.Harper@company.com,&ej2TAIZsVru8GY*
Scott,Williams,728-2402-00,Scott.Williams@company.com,}rapW?u1qO%wen|7
Juan,Diaz,854-9127-48,Juan.Diaz@company.com,o8T%(u9lmsiQ6e!k
Nicholas,Robbins,903-5793-39,Nicholas.Robbins@company.com,@qH_=twP\eU9cb)D
Julie,Smith,846-9717-31,Julie.Smith@company.com,Ze<omund\sJt[g&l
Raymond,Edwards,976-1606-36,Raymond.Edwards@company.com,kKbm\&z@?5$4~eXG
Kara,Reed,006-3181-53,Kara.Reed@company.com,dh~=7l(p@!xf[P?*
Lori,Wyatt,489-0261-82,Lori.Wyatt@company.com,1kxbwP^L-82F6T%0
Daniel,George,976-8289-36,Daniel.George@company.com,-Dzs0^S?/M54n}2Q
Dustin,Moss,175-5943-40,Dustin.Moss@company.com,sS>!z9M]?5Ck|Lq}
Paul,Kirby,853-8206-70,Paul.Kirby@company.com,4Qw[V9t?hU~Zme%a
Mary,Watts,311-5489-94,Mary.Watts@company.com,96RkS>B]Gu/K\m7Q
Kimberly,Willis,316-4035-85,Kimberly.Willis@company.com,S9W[~%ud}2b+>eKp
Randy,Davis,804-3070-43,Randy.Davis@company.com,?Z0Yp{Gj/X|SuRyK
Kevin,Anderson,195-1530-40,Kevin.Anderson@company.com,gC^FO%W0&pq8Noah
Joanna,Martin,511-1300-56,Joanna.Martin@company.com,sA)6fyP9T|wnqSB_
Melissa,Barnes,876-1362-88,Melissa.Barnes@company.com,NKCqFX6&7UmRP+Sb
Alec,Williams,406-6258-91,Alec.Williams@company.com,X@_=KlUw)9BSb6?[
Jessica,Cook,229-6020-74,Jessica.Cook@company.com,Qd{w-*_2CUlGej8O
Christina,Rowland,592-7775-33,Christina.Rowland@company.com,QFgO/IazU9Zw&8(1
Renee,Jennings,001-6313-15,Renee.Jennings@company.com,2IdR)tjF-@kM(u!8
Michael,Garcia,703-9430-70,Michael.Garcia@company.com,*~$8hWgN4/n%MDw-
Alexis,Jackson,646-2593-10,Alexis.Jackson@company.com,5|E{*7HSA&fJX!Ko
Janice,Miller,501-0634-41,Janice.Miller@company.com,VD%b?>ui|f@)7$2C
Michael,Johnson,936-2590-56,Michael.Johnson@company.com,Q1y(l+DIfU)Ez]rh
Mark,Harris,342-7707-69,Mark.Harris@company.com,C[BL$?G>qVbm3hY0
Charles,Bennett,909-6467-83,Charles.Bennett@company.com,prejC(cOTFE>A+5x
Jennifer,Wood,795-0534-46,Jennifer.Wood@company.com,dV7PQ&rN-yWH0MaU
Luke,Baker,706-2826-06,Luke.Baker@company.com,!G$n*CaSZelO=3<-
Charles,Ferguson,446-8752-83,Charles.Ferguson@company.com,f910TA~rglcb*eVX
Tyler,Ross,781-8769-47,Tyler.Ross@company.com,Pt_fMpj7TS%@i)W9
Mark,Delacruz,936-5808-41,Mark.Delacruz@company.com,^(DXGo|-y]a{\%5F
Amber,Hodge,640-2274-67,Amber.Hodge@company.com,?(%RJ8rIHA]07a^G
Stephanie,York,748-7293-73,Stephanie.York@company.com,XmI[vPZneF}CiYD9
Catherine,Riley,163-6659-99,Catherine.Riley@company.com,>YhB[M%-kj1+2rbR
Brian,Martin,731-0088-76,Brian.Martin@company.com,%QA>=DNY^6pe-uTx
Dustin,Hall,429-9187-41,Dustin.Hall@company.com,pL([F&ANf}G~aQl6
Timothy,Clark,263-7137-46,Timothy.Clark@company.com,5G=t!ZH3]W>EY@F[
Clinton,Perez,723-4200-74,Clinton.Perez@company.com,or@cg!Ds-}IKFi3G
Bailey,Strong,785-8665-62,Bailey.Strong@company.com,B(HzmWeU/cwD1tNl
Sean,Garrison,625-6477-50,Sean.Garrison@company.com,3M$%BJ8\a&7jEP*b
Claudia,Murray,096-5841-08,Claudia.Murray@company.com,eK2<Z5y[JgV{YIU8
Angela,Reed,510-2249-30,Angela.Reed@company.com,ITOG!{MY&$<q}ZUn
Heather,Patterson,183-9734-03,Heather.Patterson@company.com,OeWZg/7HzR[UT>pL
Steven,Boyer,920-1368-70,Steven.Boyer@company.com,?3Tm4v<[EHsjy*r!
Jordan,Andrews,916-8682-71,Jordan.Andrews@company.com,_Yaluiw!}K%|*J=<
Michael,Brown,682-2976-63,Michael.Brown@company.com,rSuO|>)mKWEN6X3z
Christine,Schultz,096-5611-34,Christine.Schultz@company.com,kKU5eWd43</i(vrb
Laura,Mcdonald,562-2848-76,Laura.Mcdonald@company.com,4@nBrw7PRUJ(|%]T
Tracy,Chavez,312-0706-63,Tracy.Chavez@company.com,3(-d\B[_+jI}>ynU
Steven,Klein,936-6960-28,Steven.Klein@company.com,}Bw9NI3o&L(pOE?X
Teresa,Kirby,438-7924-86,Teresa.Kirby@company.com,kpvyBE<%]MrNGIUo
Kevin,Williams,520-3028-08,Kevin.Williams@company.com,0kh}vBVS7?mpC!l>
Juan,Fisher,830-4866-06,Juan.Fisher@company.com,^</_4y|QU~J9TFb>
William,Wilcox,869-4072-20,William.Wilcox@company.com,~]2KL!q9B<r}SAW(
Joshua,Harris,575-3235-06,Joshua.Harris@company.com,Jh%57}-SX4o\Tp_E
Patricia,Pena,289-0064-36,Patricia.Pena@company.com,~-[HJUZnhq$CKkO}
Cheryl,Henry,921-1026-92,Cheryl.Henry@company.com,P}cqv4Z^TND]nwSb
Aaron,Hughes,268-6655-21,Aaron.Hughes@company.com,?~/5](tx\q%ar93A
